Workbook

Sheet bbox data
A2: 서울시 data | J2: AI hub | R2: 하수관로 상태등급 매뉴얼 기준(25종)
B3: 2020 | C3: *PB(막힘)제외 전부 있음 | D3: 장수 | F3: 2022 | H3: 사진 | I3: 라벨 | M3: test | N3: seg | O3: val | R3: 구조결함 | W3: 운영결함
A4: 1 | B4: 균열(길이) | C4: CL | D4: 1350 | E4: 1 | F4: 01균열길이(CL) | G4: CL | H4: 610 | I4: 510 | J4: 1 | K4: 1-1-1.균열-길이(Crack-Longitudinal,CL) | L4: CL | M4: 16000 | N4: 4000 | O4: 2000 | P4: =SUM(M4,O4) -> 18000 | R4: 0 | S4: 균열 | T4: 원주 | U4: CC | W4: 18 | X4: 내피생성 | Y4: DE
A5: 2 | B5: 균열(복합) | C5: CM | D5: 730 | E5: 2 | F5: 02균열복합(CM) | G5: CM | H5: 81 | I5: 41 | J5: 2 | K5: 1-1-2.균열-원주(Crack-Circumferential,CC) | L5: CC | M5: 16000 | N5: 3000 | O5: 2000 | P5: =SUM(M5,O5) -> 18000 | R5: 1 | T5: 길이 | U5: CL | W5: 19 | X5: 토사퇴적 | Y5: DS
A6: 3 | B6: 균열(원주) | C6: CC | D6: 1250 | E6: 3 | F6: 03균열원주(CC) | G6: CC | H6: 844 | I6: 744 | J6: 3 | K6: 1-2.표면손상(Surface-Damage,SD) | L6: SD | M6: 16000 | N6: 2999 | O6: 2000 | P6: =SUM(M6,O6) -> 18000 | R6: 2 | T6: 복합 | U6: CM | W6: 20 | X6: 폐유부착 | Y6: DG
A7: 4 | B7: 내피생성 | C7: DE | D7: 35 | E7: 4 | F7: 04표면손상(SD) | G7: SD | H7: 500 | I7: 400 | J7: 4 | K7: 1-3.파손(Broken-Pipe,BK) | L7: BK | M7: 32000 | N7: 3000 | O7: 4000 | P7: =SUM(M7,O7) -> 36000 | R7: 3 | S7: 표면손상 | U7: SD | W7: 21 | X7: 임시장애물 | Y7: TO
A8: 5 | B8: 라이닝결함 | C8: LD | D8: 427 | E8: 5 | F8: 05파손(BK) | G8: BK | H8: 500 | I8: 400 | J8: 5 | K8: 1-4.연결관-돌출(Lateral-Protruding,LP) | L8: LP | M8: 32000 | N8: 3000 | O8: 4000 | P8: =SUM(M8,O8) -> 36000 | R8: 4 | S8: 좌굴 | U8: BC | W8: 22 | X8: 뿌리침입 | Y8: RT
A9: 6 | B9: 변형(단면형태변화) | C9: DF | D9: 286 | E9: 6 | F9: 06연결관돌출(LP) | G9: LP | H9: 500 | I9: 400 | J9: 6 | K9: 1-5.이음부-손상(Joint-Faulty,JF) | L9: JF | M9: 32000 | N9: 3000 | O9: 4000 | P9: =SUM(M9,O9) -> 36000 | R9: 5 | S9: 라이닝 결함 | U9: LD | W9: 23 | X9: 침입수 | Y9: IF
A10: 7 | B10: 붕괴 | C10: CX | D10: 14 | E10: 7 | F10: 07연결관접합부(LS) | G10: LS | H10: 500 | I10: 400 | J10: 7 | K10: 1-6.이음부-단차(Joint-Displaced,JD)_1 | L10: JD | M10: 16000 | N10: 3000 | O10: 4000 | P10: =SUM(M10,O10) -> 20000 | R10: 6 | S10: 변형 | U10: DF | W10: 24 | X10: 막힘 | Y10: PB
A11: 8 | B11: 뿌리침입 | C11: RT | D11: 550 | E11: 8 | F11: 08이음부단차(JD) | G11: JD | H11: 500 | I11: 400 | J11: 8 | K11: 1-6.이음부-단차(Joint-Displaced,JD)_2 | L11: JD | M11: 16000 | P11: =SUM(M11,O11) -> 16000 | R11: 7 | S11: 파손 | U11: BK
A12: 9 | B12: 역경사 | C12: NS | D12: 5 | E12: 9 | F12: 09이음부손상(JF) | G12: JF | H12: 500 | I12: 400 | J12: 9 | K12: 1-7.토사퇴적(Deposits-Silty,DS) | L12: DS | M12: 24000 | N12: 3000 | O12: 3000 | P12: =SUM(M12,O12) -> 27000 | R12: 8 | S12: 붕괴 | U12: CX
A13: 10 | B13: 연결관(돌출) | C13: LP | D13: 5400 | E13: 10 | F13: 10이음부이탈(JS) | G13: JS | H13: 500 | I13: 400 | J13: 10 | K13: 1-8.기타결함(Etc.,ETC) | L13: ETC | M13: 32000 | N13: 5000 | O13: 4000 | P13: =SUM(M13,O13) -> 36000 | R13: 9 | S13: 영구장애물 | U13: PO
A14: 11 | B14: 연결관(접합부이상) | C14: LS | D14: 8400 | E14: 11 | F14: 11토사퇴적(DS) | G14: DS | H14: 525 | I14: 425 | J14: 11 | K14: 2-1.이음부(Pipe-Joint,PJ)_1 | L14: PJ | M14: 20000 | O14: 5000 | P14: =SUM(M14,O14) -> 25000 | R14: 10 | S14: 천공 | U14: HL
A15: 12 | B15: 영구장애물 | C15: PO | D15: 830 | J15: 12 | K15: 2-1.이음부(Pipe-Joint,PJ)_2 | L15: PJ | M15: 20000 | P15: =SUM(M15,O15) -> 20000 | R15: 11 | S15: 연결관 | T15: 돌출 | U15: LP
A16: 13 | B16: 이음부(단차) | C16: JD | D16: 1840 | J16: 13 | K16: 2-2.하수관로_내부(Inside,IN)_1 | L16: IN | M16: 20000 | O16: 10000 | P16: =SUM(M16,O16) -> 30000 | R16: 12 | T16: 접합부 이상 | U16: LS
A17: 14 | B17: 이음부(손상) | C17: JF | D17: 6250 | J17: 14 | K17: 2-2.하수관로_내부(Inside,IN)_2 | L17: IN | M17: 26000 | P17: =SUM(M17,O17) -> 26000 | R17: 13 | S17: 이음부 | T17: 이탈 | U17: JS
A18: 15 | B18: 이음부(이탈) | C18: JS | D18: 3725 | J18: 15 | K18: 2-2.하수관로_내부(Inside,IN)_3 | L18: IN | M18: 34000 | P18: =SUM(M18,O18) -> 34000 | R18: 14 | T18: 손상 | U18: JF
A19: 16 | B19: 임시장애물 | C19: TO | D19: 680 | J19: 16 | K19: 2-3-1.하수관로_외부_맨홀 | L19: OUT | M19: 8000 | O19: 1000 | P19: =SUM(M19,O19) -> 9000 | R19: 15 | T19: 단차 | U19: JD
A20: 17 | B20: 좌굴 | C20: BC | D20: 420 | J20: 17 | K20: 2-3-2.하수관로_외부_인버트 | L20: OUT | M20: 8000 | O20: 1000 | P20: =SUM(M20,O20) -> 9000 | R20: 16 | S20: 역경사 | U20: NS
A21: 18 | B21: 천공 | C21: HL | D21: 1107 | J21: 18 | K21: 2-3-3.하수관로_외부_자동차 | L21: OUT | M21: 8000 | O21: 1000 | P21: =SUM(M21,O21) -> 9000 | R21: 17 | S21: 침하 | U21: SG
A22: 19 | B22: 침입수 | C22: IF | D22: 140 | W22: 25 | X22: 이음부(정상) | Y22: PJ
A23: 20 | B23: 침하 | C23: SG | D23: 631 | W23: 26 | X23: ETC
A24: 21 | B24: 토사퇴적 | C24: DS | D24: 2577 | W24: 27 | X24: IN
A25: 22 | B25: 파손 | C25: BK | D25: 1720 | W25: 28 | X25: OUT_MH
A26: 23 | B26: 폐유부착 | C26: DG | D26: 304 | W26: 29 | X26: OUT_INVERT
A27: 24 | B27: 표면손상 | C27: SD | D27: 1926 | W27: 30 | X27: OUT_CAR

Sheet bbox_total
I1: 서울시 | K1: AI HUB | M1: sum | O1: model test2 | V1: 데이터 전처리 | X1: ->잘보이게 하는 방안(관 색깔 바꾸기l(대비)
B2: 구조결함 | I2: 2020 | J2: 2022 | K2: test | L2: val | Q2: train | R2: test | S2: val | V2: 미탐 재학습
A3: 1 | B3: 균열 | C3: 원주 | D3: CC | E3: =VLOOKUP(D3,$H$3:$I$27,2,0) -> 1250 | H3: CL | I3: =VLOOKUP(H3,'bbox data'!$C$4:$D$27,2,0) -> 1350 | J3: =VLOOKUP($H3,'bbox data'!$G$4:$I$14,3,0) -> 510 | K3: =VLOOKUP($H3,'bbox data'!$L$4:$O$21,2,0) -> 16000 | L3: =VLOOKUP($H3,'bbox data'!$L$4:$O$21,4,0) -> 2000 | M3: =SUM(I3:L3) -> 19860 | O3: 결함 | P3: CL | Q3: =K3 -> 16000 | R3: =SUM(I3:J3) -> 1860 | S3: =L3 -> 2000
A4: 2 | C4: 길이 | D4: CL | E4: =VLOOKUP(D4,$H$3:$I$27,2,0) -> 1350 | H4: CM | I4: =VLOOKUP(H4,'bbox data'!$C$4:$D$27,2,0) -> 730 | J4: =VLOOKUP($H4,'bbox data'!$G$4:$I$14,3,0) -> 41 | M4: =SUM(I4:L4) -> 771
A5: 3 | C5: 복합 | D5: CM | E5: =VLOOKUP(D5,$H$3:$I$27,2,0) -> 730 | H5: CC | I5: =VLOOKUP(H5,'bbox data'!$C$4:$D$27,2,0) -> 1250 | J5: =VLOOKUP($H5,'bbox data'!$G$4:$I$14,3,0) -> 744 | K5: =VLOOKUP($H5,'bbox data'!$L$4:$O$21,2,0) -> 16000 | L5: =VLOOKUP($H5,'bbox data'!$L$4:$O$21,4,0) -> 2000 | M5: =SUM(I5:L5) -> 19994 | P5: CC | Q5: =K5 -> 16000 | R5: =SUM(I5:J5) -> 1994 | S5: =L5 -> 2000
A6: 4 | B6: 표면손상 | D6: SD | E6: =VLOOKUP(D6,$H$3:$I$27,2,0) -> 1926 | H6: DE | I6: =VLOOKUP(H6,'bbox data'!$C$4:$D$27,2,0) -> 35 | M6: =SUM(I6:L6) -> 35
A7: 5 | B7: 좌굴 | D7: BC | E7: =VLOOKUP(D7,$H$3:$I$27,2,0) -> 420 | H7: LD | I7: =VLOOKUP(H7,'bbox data'!$C$4:$D$27,2,0) -> 427 | M7: =SUM(I7:L7) -> 427
A8: 6 | B8: 라이닝 결함 | D8: LD | E8: =VLOOKUP(D8,$H$3:$I$27,2,0) -> 427 | H8: DF | I8: =VLOOKUP(H8,'bbox data'!$C$4:$D$27,2,0) -> 286 | M8: =SUM(I8:L8) -> 286
A9: 7 | B9: 변형 | D9: DF | E9: =VLOOKUP(D9,$H$3:$I$27,2,0) -> 286 | H9: CX | I9: =VLOOKUP(H9,'bbox data'!$C$4:$D$27,2,0) -> 14 | M9: =SUM(I9:L9) -> 14
A10: 8 | B10: 파손 | D10: BK | E10: =VLOOKUP(D10,$H$3:$I$27,2,0) -> 1720 | H10: RT | I10: =VLOOKUP(H10,'bbox data'!$C$4:$D$27,2,0) -> 550 | M10: =SUM(I10:L10) -> 550
A11: 9 | B11: 붕괴 | D11: CX | E11: =VLOOKUP(D11,$H$3:$I$27,2,0) -> 14 | H11: NS | I11: =VLOOKUP(H11,'bbox data'!$C$4:$D$27,2,0) -> 5 | M11: =SUM(I11:L11) -> 5
A12: 10 | B12: 영구장애물 | D12: PO | E12: =VLOOKUP(D12,$H$3:$I$27,2,0) -> 830 | H12: LP | I12: =VLOOKUP(H12,'bbox data'!$C$4:$D$27,2,0) -> 5400 | J12: =VLOOKUP($H12,'bbox data'!$G$4:$I$14,3,0) -> 400 | K12: =VLOOKUP($H12,'bbox data'!$L$4:$O$21,2,0) -> 32000 | L12: =VLOOKUP($H12,'bbox data'!$L$4:$O$21,4,0) -> 4000 | M12: =SUM(I12:L12) -> 41800 | P12: LP | Q12: 16000 | R12: 2000 | S12: 2000
A13: 11 | B13: 천공 | D13: HL | E13: =VLOOKUP(D13,$H$3:$I$27,2,0) -> 1107 | H13: LS | I13: =VLOOKUP(H13,'bbox data'!$C$4:$D$27,2,0) -> 8400 | J13: =VLOOKUP($H13,'bbox data'!$G$4:$I$14,3,0) -> 400 | M13: =SUM(I13:L13) -> 8800
A14: 12 | B14: 연결관 | C14: 돌출 | D14: LP | E14: =VLOOKUP(D14,$H$3:$I$27,2,0) -> 5400 | H14: PO | I14: =VLOOKUP(H14,'bbox data'!$C$4:$D$27,2,0) -> 830 | M14: =SUM(I14:L14) -> 830
A15: 13 | C15: 접합부 이상 | D15: LS | E15: =VLOOKUP(D15,$H$3:$I$27,2,0) -> 8400 | H15: JD | I15: =VLOOKUP(H15,'bbox data'!$C$4:$D$27,2,0) -> 1840 | J15: =VLOOKUP($H15,'bbox data'!$G$4:$I$14,3,0) -> 400 | K15: =VLOOKUP($H15,'bbox data'!$L$4:$O$21,2,0) -> 16000 | L15: =VLOOKUP($H15,'bbox data'!$L$4:$O$21,4,0) -> 4000 | M15: =SUM(I15:L15) -> 22240 | P15: JD | Q15: =K15 -> 16000 | R15: 2000 | S15: 2000 | T15: val 쪼갬
A16: 14 | B16: 이음부 | C16: 이탈 | D16: JS | E16: =VLOOKUP(D16,$H$3:$I$27,2,0) -> 3725 | H16: JF | I16: =VLOOKUP(H16,'bbox data'!$C$4:$D$27,2,0) -> 6250 | J16: =VLOOKUP($H16,'bbox data'!$G$4:$I$14,3,0) -> 400 | K16: =VLOOKUP($H16,'bbox data'!$L$4:$O$21,2,0) -> 32000 | L16: =VLOOKUP($H16,'bbox data'!$L$4:$O$21,4,0) -> 4000 | M16: =SUM(I16:L16) -> 42650 | P16: JF | Q16: 16000 | R16: 2000 | S16: 2000 | T16: test 쪼갬
A17: 15 | C17: 손상 | D17: JF | E17: =VLOOKUP(D17,$H$3:$I$27,2,0) -> 6250 | H17: JS | I17: =VLOOKUP(H17,'bbox data'!$C$4:$D$27,2,0) -> 3725 | J17: =VLOOKUP($H17,'bbox data'!$G$4:$I$14,3,0) -> 400 | M17: =SUM(I17:L17) -> 4125
A18: 16 | C18: 단차 | D18: JD | E18: =VLOOKUP(D18,$H$3:$I$27,2,0) -> 1840 | H18: TO | I18: =VLOOKUP(H18,'bbox data'!$C$4:$D$27,2,0) -> 680 | M18: =SUM(I18:L18) -> 680
A19: 17 | B19: 역경사 | D19: NS | E19: =VLOOKUP(D19,$H$3:$I$27,2,0) -> 5 | H19: BC | I19: =VLOOKUP(H19,'bbox data'!$C$4:$D$27,2,0) -> 420 | M19: =SUM(I19:L19) -> 420
A20: 18 | B20: 침하 | D20: SG | E20: =VLOOKUP(D20,$H$3:$I$27,2,0) -> 631 | H20: HL | I20: =VLOOKUP(H20,'bbox data'!$C$4:$D$27,2,0) -> 1107 | M20: =SUM(I20:L20) -> 1107
B21: 내피생성 | D21: DE | E21: =VLOOKUP(D21,$H$3:$I$27,2,0) -> 35 | H21: IF | I21: =VLOOKUP(H21,'bbox data'!$C$4:$D$27,2,0) -> 140 | M21: =SUM(I21:L21) -> 140
B22: 토사퇴적 | D22: DS | E22: =VLOOKUP(D22,$H$3:$I$27,2,0) -> 2577 | H22: SG | I22: =VLOOKUP(H22,'bbox data'!$C$4:$D$27,2,0) -> 631 | M22: =SUM(I22:L22) -> 631
B23: 폐유부착 | D23: DG | E23: =VLOOKUP(D23,$H$3:$I$27,2,0) -> 304 | H23: DS | I23: =VLOOKUP(H23,'bbox data'!$C$4:$D$27,2,0) -> 2577 | J23: =VLOOKUP($H23,'bbox data'!$G$4:$I$14,3,0) -> 425 | K23: =VLOOKUP($H23,'bbox data'!$L$4:$O$21,2,0) -> 24000 | L23: =VLOOKUP($H23,'bbox data'!$L$4:$O$21,4,0) -> 3000 | M23: =SUM(I23:L23) -> 30002 | P23: DS | Q23: 16000 | R23: 2000 | S23: 2000 | T23: test 쪼갬
B24: 임시장애물 | D24: TO | E24: =VLOOKUP(D24,$H$3:$I$27,2,0) -> 680 | H24: BK | I24: =VLOOKUP(H24,'bbox data'!$C$4:$D$27,2,0) -> 1720 | J24: =VLOOKUP($H24,'bbox data'!$G$4:$I$14,3,0) -> 400 | K24: =VLOOKUP($H24,'bbox data'!$L$4:$O$21,2,0) -> 32000 | L24: =VLOOKUP($H24,'bbox data'!$L$4:$O$21,4,0) -> 4000 | M24: =SUM(I24:L24) -> 38120 | P24: BK | Q24: 16000 | R24: 2000 | S24: 2000 | T24: test 쪼갬
B25: 뿌리침입 | D25: RT | E25: =VLOOKUP(D25,$H$3:$I$27,2,0) -> 550 | H25: DG | I25: =VLOOKUP(H25,'bbox data'!$C$4:$D$27,2,0) -> 304 | M25: =SUM(I25:L25) -> 304
B26: 침입수 | D26: IF | E26: =VLOOKUP(D26,$H$3:$I$27,2,0) -> 140 | H26: SD | I26: =VLOOKUP(H26,'bbox data'!$C$4:$D$27,2,0) -> 1926 | J26: =VLOOKUP($H26,'bbox data'!$G$4:$I$14,3,0) -> 400 | K26: =VLOOKUP($H26,'bbox data'!$L$4:$O$21,2,0) -> 16000 | L26: =VLOOKUP($H26,'bbox data'!$L$4:$O$21,4,0) -> 2000 | M26: =SUM(I26:L26) -> 20326 | P26: SD | Q26: =K26 -> 16000 | R26: =SUM(I26:J26) -> 2326 | S26: =L26 -> 2000
B27: 막힘 | D27: PB | E27: 0 | H27: ETC | K27: =VLOOKUP($H27,'bbox data'!$L$4:$O$21,2,0) -> 32000 | L27: =VLOOKUP($H27,'bbox data'!$L$4:$O$21,4,0) -> 4000 | M27: =SUM(I27:L27) -> 36000 | P27: ETC | Q27: 16000 | R27: 2000 | S27: 2000 | T27: test 쪼갬
H28: PJ | K28: 40000 | L28: 5000 | O28: 정상 | P28: PJ | Q28: 7000 | R28: 1000 | S28: 1000 | T28: test 쪼갬
H29: IN | K29: 80000 | L29: 10000 | P29: IN | Q29: 7000 | R29: 1000 | S29: 1000 | T29: test 쪼갬
H30: OUT_맨홀 | K30: 8000 | L30: 1000 | P30: OUT_맨홀 | Q30: 7000 | R30: 1000 | S30: 1000 | T30: test 쪼갬
H31: OUT_인버트 | K31: 8000 | L31: 1000 | P31: OUT_인버트 | Q31: 7000 | R31: 1000 | S31: 1000 | T31: test 쪼갬
H32: OUT_자동차 | K32: 8000 | L32: 1000 | P32: OUT_자동차 | Q32: 7000 | R32: 1000 | S32: 1000 | T32: test 쪼갬
R33: =SUM(Q28:Q32)/SUM(Q3:Q27) -> 0.24305556

Sheet seg data
A2: 서울시 data | J2: AI hub | O2: 하수관로 상태등급 매뉴얼 기준(25종)
B3: 2020 | C3: *PB(막힘)제외 전부 있음 | D3: 장수 | F3: 2022 | H3: 사진 | I3: 라벨 | M3: seg | O3: 구조결함 | T3: 운영결함
A4: 1 | B4: 균열(길이) | C4: CL | D4: 710 | E4: 1 | F4: 01균열길이(CL) | G4: CL | H4: 610 | I4: 100 | J4: 1 | K4: 1-1-1.균열-길이(Crack-Longitudinal,CL) | L4: CL | M4: 4000 | O4: 0 | P4: 균열 | Q4: 원주 | R4: CC | T4: 18 | U4: 내피생성 | V4: DE
A5: 2 | B5: 균열(복합) | C5: CM | D5: 307 | E5: 2 | F5: 02균열복합(CM) | G5: CM | H5: 81 | I5: 40 | J5: 2 | K5: 1-1-2.균열-원주(Crack-Circumferential,CC) | L5: CC | M5: 3000 | O5: 1 | Q5: 길이 | R5: CL | T5: 19 | U5: 토사퇴적 | V5: DS
A6: 3 | B6: 균열(원주) | C6: CC | D6: 726 | E6: 3 | F6: 03균열원주(CC) | G6: CC | H6: 844 | I6: 100 | J6: 3 | K6: 1-2.표면손상(Surface-Damage,SD) | L6: SD | M6: 2999 | O6: 2 | Q6: 복합 | R6: CM | T6: 20 | U6: 폐유부착 | V6: DG
A7: 4 | B7: 내피생성 | C7: DE | D7: 24 | E7: 4 | F7: 04표면손상(SD) | G7: SD | H7: 500 | I7: 100 | J7: 4 | K7: 1-3.파손(Broken-Pipe,BK) | L7: BK | M7: 3000 | O7: 3 | P7: 표면손상 | R7: SD | T7: 21 | U7: 임시장애물 | V7: TO
A8: 5 | B8: 라이닝결함 | C8: LD | D8: 112 | E8: 5 | F8: 05파손(BK) | G8: BK | H8: 500 | I8: 100 | J8: 5 | K8: 1-4.연결관-돌출(Lateral-Protruding,LP) | L8: LP | M8: 3000 | O8: 4 | P8: 좌굴 | R8: BC | T8: 22 | U8: 뿌리침입 | V8: RT
A9: 6 | B9: 변형(단면형태변화) | C9: DF | D9: 73 | E9: 6 | F9: 06연결관돌출(LP) | G9: LP | H9: 500 | I9: 100 | J9: 6 | K9: 1-5.이음부-손상(Joint-Faulty,JF) | L9: JF | M9: 3000 | O9: 5 | P9: 라이닝 결함 | R9: LD | T9: 23 | U9: 침입수 | V9: IF
A10: 7 | B10: 붕괴 | C10: CX | D10: 9 | E10: 7 | F10: 07연결관접합부(LS) | G10: LS | H10: 500 | I10: 100 | J10: 7 | K10: 1-6.이음부-단차(Joint-Displaced,JD) | L10: JD | M10: 3000 | O10: 6 | P10: 변형 | R10: DF | T10: 24 | U10: 막힘 | V10: PB
A11: 8 | B11: 뿌리침입 | C11: RT | D11: 144 | E11: 8 | F11: 08이음부단차(JD) | G11: JD | H11: 500 | I11: 100 | J11: 9 | K11: 1-7.토사퇴적(Deposits-Silty,DS) | L11: DS | M11: 3000 | O11: 7 | P11: 파손 | R11: BK
A12: 9 | B12: 역경사 | C12: NS | D12: 0 | E12: 9 | F12: 09이음부손상(JF) | G12: JF | H12: 500 | I12: 100 | J12: 10 | K12: 1-8.기타결함(Etc.,ETC) | L12: ETC | M12: 5000 | O12: 8 | P12: 붕괴 | R12: CX
A13: 10 | B13: 연결관(돌출) | C13: LP | D13: 800 | E13: 10 | F13: 10이음부이탈(JS) | G13: JS | H13: 500 | I13: 100 | O13: 9 | P13: 영구장애물 | R13: PO
A14: 11 | B14: 연결관(접합부이상) | C14: LS | D14: 890 | E14: 11 | F14: 11토사퇴적(DS) | G14: DS | H14: 525 | I14: 100 | O14: 10 | P14: 천공 | R14: HL
A15: 12 | B15: 영구장애물 | C15: PO | D15: 224 | O15: 11 | P15: 연결관 | Q15: 돌출 | R15: LP
A16: 13 | B16: 이음부(단차) | C16: JD | D16: 579 | O16: 12 | Q16: 접합부 이상 | R16: LS
A17: 14 | B17: 이음부(손상) | C17: JF | D17: 800 | O17: 13 | P17: 이음부 | Q17: 이탈 | R17: JS
A18: 15 | B18: 이음부(이탈) | C18: JS | D18: 800 | O18: 14 | Q18: 손상 | R18: JF
A19: 16 | B19: 임시장애물 | C19: TO | D19: 181 | O19: 15 | Q19: 단차 | R19: JD
A20: 17 | B20: 좌굴 | C20: BC | D20: 105 | O20: 16 | P20: 역경사 | R20: NS
A21: 18 | B21: 천공 | C21: HL | D21: 347 | O21: 17 | P21: 침하 | R21: SG
A22: 19 | B22: 침입수 | C22: IF | D22: 132 | T22: 25 | U22: 이음부(정상) | V22: PJ
A23: 20 | B23: 침하 | C23: SG | D23: 583 | T23: 26 | U23: ETC
A24: 21 | B24: 토사퇴적 | C24: DS | D24: 863 | T24: 27 | U24: IN
A25: 22 | B25: 파손 | C25: BK | D25: 730 | T25: 28 | U25: OUT_MH
A26: 23 | B26: 폐유부착 | C26: DG | D26: 161 | T26: 29 | U26: OUT_INVERT
A27: 24 | B27: 표면손상 | C27: SD | D27: 700 | T27: 30 | U27: OUT_CAR

Sheet seg_total
C1: 서울시 | E1: AI HUB | F1: sum
C2: 2020 | D2: 2022
B3: CL | C3: =VLOOKUP(B3,'seg data'!$C$4:$D$27,2,0) -> 710 | D3: =VLOOKUP($B3,'seg data'!$G$4:$I$14,2,0) -> 610 | E3: =VLOOKUP($B3,'seg data'!$L$4:$M$12,2,0) -> 4000 | F3: =SUM(C3:E3) -> 5320
B4: CM | C4: =VLOOKUP(B4,'seg data'!$C$4:$D$27,2,0) -> 307 | D4: =VLOOKUP($B4,'seg data'!$G$4:$I$14,2,0) -> 81 | F4: =SUM(C4:E4) -> 388
B5: CC | C5: =VLOOKUP(B5,'seg data'!$C$4:$D$27,2,0) -> 726 | D5: =VLOOKUP($B5,'seg data'!$G$4:$I$14,2,0) -> 844 | E5: =VLOOKUP($B5,'seg data'!$L$4:$M$12,2,0) -> 3000 | F5: =SUM(C5:E5) -> 4570
B6: DE | C6: =VLOOKUP(B6,'seg data'!$C$4:$D$27,2,0) -> 24 | F6: =SUM(C6:E6) -> 24
B7: LD | C7: =VLOOKUP(B7,'seg data'!$C$4:$D$27,2,0) -> 112 | F7: =SUM(C7:E7) -> 112
B8: DF | C8: =VLOOKUP(B8,'seg data'!$C$4:$D$27,2,0) -> 73 | F8: =SUM(C8:E8) -> 73
B9: CX | C9: =VLOOKUP(B9,'seg data'!$C$4:$D$27,2,0) -> 9 | F9: =SUM(C9:E9) -> 9
B10: RT | C10: =VLOOKUP(B10,'seg data'!$C$4:$D$27,2,0) -> 144 | F10: =SUM(C10:E10) -> 144
B11: NS | C11: =VLOOKUP(B11,'seg data'!$C$4:$D$27,2,0) -> 0 | F11: =SUM(C11:E11) -> 0
B12: LP | C12: =VLOOKUP(B12,'seg data'!$C$4:$D$27,2,0) -> 800 | D12: =VLOOKUP($B12,'seg data'!$G$4:$I$14,2,0) -> 500 | E12: =VLOOKUP($B12,'seg data'!$L$4:$M$12,2,0) -> 3000 | F12: =SUM(C12:E12) -> 4300
B13: LS | C13: =VLOOKUP(B13,'seg data'!$C$4:$D$27,2,0) -> 890 | D13: =VLOOKUP($B13,'seg data'!$G$4:$I$14,2,0) -> 500 | F13: =SUM(C13:E13) -> 1390
B14: PO | C14: =VLOOKUP(B14,'seg data'!$C$4:$D$27,2,0) -> 224 | F14: =SUM(C14:E14) -> 224
B15: JD | C15: =VLOOKUP(B15,'seg data'!$C$4:$D$27,2,0) -> 579 | D15: =VLOOKUP($B15,'seg data'!$G$4:$I$14,2,0) -> 500 | E15: =VLOOKUP($B15,'seg data'!$L$4:$M$12,2,0) -> 3000 | F15: =SUM(C15:E15) -> 4079
B16: JF | C16: =VLOOKUP(B16,'seg data'!$C$4:$D$27,2,0) -> 800 | D16: =VLOOKUP($B16,'seg data'!$G$4:$I$14,2,0) -> 500 | E16: =VLOOKUP($B16,'seg data'!$L$4:$M$12,2,0) -> 3000 | F16: =SUM(C16:E16) -> 4300
B17: JS | C17: =VLOOKUP(B17,'seg data'!$C$4:$D$27,2,0) -> 800 | D17: =VLOOKUP($B17,'seg data'!$G$4:$I$14,2,0) -> 500 | F17: =SUM(C17:E17) -> 1300
B18: TO | C18: =VLOOKUP(B18,'seg data'!$C$4:$D$27,2,0) -> 181 | F18: =SUM(C18:E18) -> 181
B19: BC | C19: =VLOOKUP(B19,'seg data'!$C$4:$D$27,2,0) -> 105 | F19: =SUM(C19:E19) -> 105
B20: HL | C20: =VLOOKUP(B20,'seg data'!$C$4:$D$27,2,0) -> 347 | F20: =SUM(C20:E20) -> 347
B21: IF | C21: =VLOOKUP(B21,'seg data'!$C$4:$D$27,2,0) -> 132 | F21: =SUM(C21:E21) -> 132
B22: SG | C22: =VLOOKUP(B22,'seg data'!$C$4:$D$27,2,0) -> 583 | F22: =SUM(C22:E22) -> 583
B23: DS | C23: =VLOOKUP(B23,'seg data'!$C$4:$D$27,2,0) -> 863 | D23: =VLOOKUP($B23,'seg data'!$G$4:$I$14,2,0) -> 525 | E23: =VLOOKUP($B23,'seg data'!$L$4:$M$12,2,0) -> 3000 | F23: =SUM(C23:E23) -> 4388
B24: BK | C24: =VLOOKUP(B24,'seg data'!$C$4:$D$27,2,0) -> 730 | D24: =VLOOKUP($B24,'seg data'!$G$4:$I$14,2,0) -> 500 | E24: =VLOOKUP($B24,'seg data'!$L$4:$M$12,2,0) -> 3000 | F24: =SUM(C24:E24) -> 4230
B25: DG | C25: =VLOOKUP(B25,'seg data'!$C$4:$D$27,2,0) -> 161 | F25: =SUM(C25:E25) -> 161
B26: SD | C26: =VLOOKUP(B26,'seg data'!$C$4:$D$27,2,0) -> 700 | D26: =VLOOKUP($B26,'seg data'!$G$4:$I$14,2,0) -> 500 | E26: =VLOOKUP($B26,'seg data'!$L$4:$M$12,2,0) -> 2999 | F26: =SUM(C26:E26) -> 4199
B27: ETC | E27: =VLOOKUP($B27,'seg data'!$L$4:$M$12,2,0) -> 5000 | F27: =SUM(C27:E27) -> 5000

Sheet Sheet4
A1: 균열(길이) | B1: CL | C1: 1350
A2: 균열(복합) | B2: CM | C2: 730
A3: 균열(원주) | B3: CC | C3: 1250
A4: 라이닝결함 | B4: LD | C4: 427
A5: 변형(단면형태변화) | B5: DF | C5: 286
A6: 뿌리침입 | B6: RT | C6: 550
A7: 연결관(돌출) | B7: LP | C7: 5400
A8: 연결관(접합부이상) | B8: LS | C8: 8400
A9: 영구장애물 | B9: PO | C9: 830
A10: 이음부(단차) | B10: JD | C10: 1840
A11: 이음부(손상) | B11: JF | C11: 6250
A12: 이음부(이탈) | B12: JS | C12: 3725
... A21: 표면손상 | B21: SD | C21: 1926

Sheet test3
A1: 코드 | B1: 결함 종류 | C1: 보유 BBOX | D1: 사용 수 | E1: Train | F1: Val | G1: Test
A2: BK | B2: 파손 | C2: 38116 | D2: 15000 | E2: 12000 | F2: 1500 | G2: 1500
A3: CC | B3: 균열(원주) | C3: 19994 | D3: 15000 | E3: 12000 | F3: 1500 | G3: 1500
A4: CL | B4: 균열(길이) | C4: 19860 | D4: 15000 | E4: 12000 | F4: 1500 | G4: 1500
A5: CM | B5: 균열(복합) | C5: 771 | D5: 771 | E5: 617 | F5: 77 | G5: 77
A6: DS | B6: 토사퇴적 | C6: 30002 | D6: 15000 | E6: 12000 | F6: 1500 | G6: 1500
A7: HL | B7: 천공 | C7: 1107 | D7: 1107 | E7: 886 | F7: 111 | G7: 110
A8: JD | B8: 이음부(단차) | C8: 38240 | D8: 15000 | E8: 12000 | F8: 1500 | G8: 1500
A9: JF | B9: 이음부(손상) | C9: 42053 | D9: 15000 | E9: 12000 | F9: 1500 | G9: 1500
A10: JS | B10: 이음부(이탈) | C10: 4125 | D10: 4125 | E10: 3300 | F10: 412 | G10: 413
A11: LP | B11: 연결관(돌출) | C11: 41799 | D11: 15000 | E11: 12000 | F11: 1500 | G11: 1500
A12: LS | B12: 연결관(접합부 이상) | C12: 8800 | D12: 8800 | E12: 7040 | F12: 880 | G12: 880
A13: PO | B13: 영구장애물 | C13: 830 | D13: 830 | E13: 664 | F13: 83 | G13: 83
... A19: IN | B19: 하수관로 내부 | C19: 90000 | D19: 15000 | E19: 12000 | F19: 1500 | G19: 1500
A20: 합계 | D20: 167494 | E20: 133996 | F20: 16749 | G20: 16749
